PID,PIC_LINK
1,phones/Samsung-Galaxy-s7-edge1.jpg
1,phones/Samsung-Galaxy-s7-edge2.jpg
1,phones/Samsung-Galaxy-s7-edge3.jpg
1,phones/Samsung-Galaxy-s7-edge4.jpg
2,phones/iphone-6s-plus1.jpg
2,phones/iphone-6s-plus2.jpg
2,phones/iphone-6s-plus3.jpg
2,phones/iphone-6s-plus4.jpg
3,phones/htc-10-1.jpg
3,phones/htc-10-2.jpg
3,phones/htc-10-3.jpg
3,phones/htc-10-4.jpg
4,phones/Sony-Xperia-X-Dual-1.jpg
4,phones/Sony-Xperia-X-Dual-2.jpg
4,phones/Sony-Xperia-X-Dual-3.jpg
4,phones/Sony-Xperia-X-Dual-4.jpg
5,phones/Moto-X-force-1.jpg
5,phones/Moto-X-force-2.jpg
5,phones/Moto-X-force-3.jpg
5,phones/Moto-X-force-4.jpg
6,phones/Samsung-galaxy-S6-1.jpg
6,phones/Samsung-galaxy-S6-2.jpg
6,phones/Samsung-galaxy-S6-3.jpg
6,phones/Samsung-galaxy-S6-4.jpg
7,phones/Iphone-6-1.jpg
7,phones/Iphone-6-2.jpg
7,phones/Iphone-6-3.jpg
7,phones/Iphone-6-4.jpg
8,phones/Htc-One-M9-1.jpg
8,phones/Htc-One-M9-2.jpg
8,phones/Htc-One-M9-3.jpg
8,phones/Htc-One-M9-4.jpg
9,phones/Oneplus-3-1.jpg
9,phones/Oneplus-3-2.jpg
9,phones/Oneplus-3-3.jpg
9,phones/Oneplus-3-4.jpg
10,phones/Iphone-5s-1.jpg
10,phones/Iphone-5s-2.jpg
10,phones/Iphone-5s-3.jpg
10,phones/Iphone-5s-4.jpg
11,phones/Samsung-Galaxy-A7-2016-1.jpg
11,phones/Samsung-Galaxy-A7-2016-2.jpg
11,phones/Samsung-Galaxy-A7-2016-3.jpg
11,phones/Samsung-Galaxy-A7-2016-4.jpg
12,phones/Htc-One-M8-1.jpg
12,phones/Htc-One-M8-2.jpg
12,phones/Htc-One-M8-3.jpg
12,phones/Htc-One-M8-4.jpg
13,phones/Lenovo-Vibe-X3(32 GB)-1.jpg
13,phones/Lenovo-Vibe-X3(32 GB)-2.jpg
13,phones/Lenovo-Vibe-X3(32 GB)-3.jpg
13,phones/Lenovo-Vibe-X3(32 GB)-4.jpg
14,phones/Oneplus2-1.jpg
14,phones/Oneplus2-2.jpg
14,phones/Oneplus2-3.jpg
14,phones/Oneplus2-4.jpg
15,phones/Sony-Xperia-XA-dual-1.jpg
15,phones/Sony-Xperia-XA-dual-2.jpg
15,phones/Sony-Xperia-XA-dual-3.jpg
15,phones/Sony-Xperia-XA-dual-4.jpg
16,phones/Asus-Zenphone-2-ZE551ML-1.jpg
16,phones/Asus-Zenphone-2-ZE551ML-2.jpg
16,phones/Asus-Zenphone-2-ZE551ML-3.jpg
16,phones/Asus-Zenphone-2-ZE551ML-4.jpg
17,phones/Sony-Xperia-M4-Aqua-1.jpg
17,phones/Sony-Xperia-M4-Aqua-2.jpg
17,phones/Sony-Xperia-M4-Aqua-3.jpg
17,phones/Sony-Xperia-M4-Aqua-4.jpg
18,phones/Asus-Zenphone-2-Laser-1.jpg
18,phones/Asus-Zenphone-2-Laser-1.jpg
18,phones/Asus-Zenphone-2-Laser-1.jpg
18,phones/Asus-Zenphone-2-Laser-1.jpg
19,phones/LYF-Earth-1-1.jpg
19,phones/LYF-Earth-1-2.jpg
19,phones/LYF-Earth-1-3.jpg
19,phones/LYF-Earth-1-4.jpg
20,phones/Moto-G4-Plus-1.jpg
20,phones/Moto-G4-Plus-2.jpg
20,phones/Moto-G4-Plus-3.jpg
20,phones/Moto-G4-Plus-4.jpg
21,phones/Lenovo-Vibe-K5-1.jpg
21,phones/Lenovo-Vibe-K5-2.jpg
21,phones/Lenovo-Vibe-K5-3.jpg
21,phones/Lenovo-Vibe-K5-4.jpg
22,phones/Asus-Zenphone-Selfie-1.jpg
22,phones/Asus-Zenphone-Selfie-2.jpg
22,phones/Asus-Zenphone-Selfie-3.jpg
22,phones/Asus-Zenphone-Selfie-4.jpg
23,phones/LYF-Water-1-1.jpg
23,phones/LYF-Water-1-2.jpg
23,phones/LYF-Water-1-3.jpg
23,phones/LYF-Water-1-4.jpg
24,phones/LYF-Flame-1-1.jpg
24,phones/LYF-Flame-1-2.jpg
24,phones/LYF-Flame-1-3.jpg
24,phones/LYF-Flame-1-4.jpg
25,phones/Moto-E2-1.jpg
25,phones/Moto-E2-2.jpg
25,phones/Moto-E2-3.jpg
25,phones/Moto-E2-4.jpg
26,tablets/Samsung-Galaxy-Tab-S2-1.jpg
26,tablets/Samsung-Galaxy-Tab-S2-2.jpg
26,tablets/Samsung-Galaxy-Tab-S2-3.jpg
26,tablets/Samsung-Galaxy-Tab-S2-4.jpg
27,tablets/Samsung-Galaxy-Tab-4-1.jpg
27,tablets/Samsung-Galaxy-Tab-4-2.jpg
27,tablets/Samsung-Galaxy-Tab-4-3.jpg
27,tablets/Samsung-Galaxy-Tab-4-4.jpg
28,tablets/Apple-Ipad-Air-2-1.jpg
28,tablets/Apple-Ipad-Air-2-2.png
28,tablets/Apple-Ipad-Air-2-3.jpg
28,tablets/Apple-Ipad-Air-2-4.jpg
29,tablets/Apple-Ipad-Pro(32 GB)-1.jpg
29,tablets/Apple-Ipad-Pro(32 GB)-2.jpg
29,tablets/Apple-Ipad-Pro(32 GB)-3.jpg
29,tablets/Apple-Ipad-Pro(32 GB)-4.jpg
30,tablets/Asus-Zenpad-8.0-1.jpg
30,tablets/Asus-Zenpad-8.0-2.jpg
30,tablets/Asus-Zenpad-8.0-3.jpg
30,tablets/Asus-Zenpad-8.0-4.jpg
31,tablets/Asus-Zenpad-7.0-1.jpg
31,tablets/Asus-Zenpad-7.0-2.jpg
31,tablets/Asus-Zenpad-7.0-3.jpg
31,tablets/Asus-Zenpad-7.0-4.jpg
32,tablets/Lenovo-Tab-2-1.jpg
32,tablets/Lenovo-Tab-2-2.jpg
32,tablets/Lenovo-Tab-2-3.jpg
32,tablets/Lenovo-Tab-2-4.jpg
33,tablets/Lenovo-MIIX-1.jpg
33,tablets/Lenovo-MIIX-2.jpg
33,tablets/Lenovo-MIIX-3.jpg
33,tablets/Lenovo-MIIX-4.jpg
34,tablets/Micromax-Canvas-P680-1.jpg
34,tablets/Micromax-Canvas-P680-2.jpg
34,tablets/Micromax-Canvas-P680-3.jpg
34,tablets/Micromax-Canvas-P680-4.jpg
35,tablets/Micromax-Canvas-P480-1.jpg
35,tablets/Micromax-Canvas-P480-2.jpg
35,tablets/Micromax-Canvas-P480-3.jpg
35,tablets/Micromax-Canvas-P480-4.jpg
